{"cameraMode":{"drawMode":0,"name":"Shaded","section":"Shading Mode"},"sceneLighting":false,"audioPlay":false,"sceneViewState":{"showFog":true,"showMaterialUpdate":false,"showSkybox":true,"showFlares":true,"showImageEffects":true,"showParticleSystems":true},"in2DMode":false,"pivot":{"x":9.914643287658692,"y":0.6073782444000244,"z":39.98246765136719},"rotation":{"x":-0.3332895338535309,"y":-0.07146783918142319,"z":0.025345604866743089,"w":-0.9397702217102051},"size":2.667921304702759,"orthographic":false}