{"cameraMode":{"drawMode":0,"name":"Shaded","section":"Shading Mode"},"sceneLighting":false,"audioPlay":false,"sceneViewState":{"showFog":true,"showMaterialUpdate":false,"showSkybox":true,"showFlares":true,"showImageEffects":true,"showParticleSystems":true},"in2DMode":false,"pivot":{"x":9.936756134033204,"y":0.37277504801750185,"z":40.09053039550781},"rotation":{"x":-0.06951922923326493,"y":-0.675722599029541,"z":0.06425771862268448,"w":-0.7310519814491272},"size":-0.058830976486206058,"orthographic":false}