{"cameraMode":{"drawMode":0,"name":"Shaded","section":"Shading Mode"},"sceneLighting":false,"audioPlay":false,"sceneViewState":{"showFog":true,"showMaterialUpdate":false,"showSkybox":true,"showFlares":true,"showImageEffects":true,"showParticleSystems":true},"in2DMode":false,"pivot":{"x":-2.431513786315918,"y":6.8733015060424809,"z":-1.5221490859985352},"rotation":{"x":0.13632068037986756,"y":0.6461220383644104,"z":-0.118782639503479,"w":0.7415077090263367},"size":20.758546829223634,"orthographic":false}