{"cameraMode":{"drawMode":0,"name":"Shaded","section":"Shading Mode"},"sceneLighting":false,"audioPlay":false,"sceneViewState":{"showFog":true,"showMaterialUpdate":false,"showSkybox":true,"showFlares":true,"showImageEffects":true,"showParticleSystems":true},"in2DMode":false,"pivot":{"x":9.923730850219727,"y":0.5960065722465515,"z":39.98958206176758},"rotation":{"x":0.13632068037986756,"y":0.6461220383644104,"z":-0.118782639503479,"w":0.7415077090263367},"size":1.753840446472168,"orthographic":false}