{"cameraMode":{"drawMode":0,"name":"Shaded","section":"Shading Mode"},"sceneLighting":false,"audioPlay":false,"sceneViewState":{"showFog":true,"showMaterialUpdate":false,"showSkybox":true,"showFlares":true,"showImageEffects":true,"showParticleSystems":true},"in2DMode":false,"pivot":{"x":0.03246665000915527,"y":0.4393942356109619,"z":1.3507165908813477},"rotation":{"x":-0.014501160010695458,"y":-0.9819595217704773,"z":0.08446929603815079,"w":-0.16855332255363465},"size":4.157880783081055,"orthographic":false}