{"cameraMode":{"drawMode":0,"name":"Shaded","section":"Shading Mode"},"sceneLighting":true,"audioPlay":false,"sceneViewState":{"showFog":true,"showMaterialUpdate":false,"showSkybox":true,"showFlares":true,"showImageEffects":true,"showParticleSystems":true},"in2DMode":false,"pivot":{"x":5.8416314125061039,"y":0.18317100405693055,"z":-330.26898193359377},"rotation":{"x":-0.0035717803984880449,"y":0.9954963326454163,"z":-0.04183872044086456,"w":-0.08499358594417572},"size":2.546146869659424,"orthographic":false}