{"cameraMode":{"drawMode":0,"name":"Shaded","section":"Shading Mode"},"sceneLighting":false,"audioPlay":false,"sceneViewState":{"showFog":true,"showMaterialUpdate":false,"showSkybox":true,"showFlares":true,"showImageEffects":true,"showParticleSystems":true},"in2DMode":false,"pivot":{"x":55.41674041748047,"y":0.33129751682281496,"z":41.52463150024414},"rotation":{"x":-0.4201880693435669,"y":-0.10523508489131928,"z":0.04913315176963806,"w":-0.8999742269515991},"size":92.92115020751953,"orthographic":false}