{"cameraMode":{"drawMode":0,"name":"Shaded","section":"Shading Mode"},"sceneLighting":true,"audioPlay":false,"sceneViewState":{"showFog":true,"showMaterialUpdate":false,"showSkybox":true,"showFlares":true,"showImageEffects":true,"showParticleSystems":true},"in2DMode":false,"pivot":{"x":754.6309814453125,"y":742.6336059570313,"z":1502.3172607421875},"rotation":{"x":-0.3770986497402191,"y":-0.052196938544511798,"z":0.021292082965373994,"w":-0.9244559407234192},"size":4880.26025390625,"orthographic":false}