{"cameraMode":{"drawMode":0,"name":"Shaded","section":"Shading Mode"},"sceneLighting":true,"audioPlay":false,"sceneViewState":{"showFog":true,"showMaterialUpdate":false,"showSkybox":true,"showFlares":true,"showImageEffects":true,"showParticleSystems":true},"in2DMode":false,"pivot":{"x":620.6193237304688,"y":1147.206787109375,"z":1033.5985107421875},"rotation":{"x":-0.279013454914093,"y":0.0811159536242485,"z":-0.02366020157933235,"w":-0.9565625786781311},"size":2.250391721725464,"orthographic":false}