{"cameraMode":{"drawMode":0,"name":"Shaded","section":"Shading Mode"},"sceneLighting":true,"audioPlay":false,"sceneViewState":{"showFog":true,"showMaterialUpdate":false,"showSkybox":true,"showFlares":true,"showImageEffects":true,"showParticleSystems":true},"in2DMode":false,"pivot":{"x":833.503173828125,"y":865.5015869140625,"z":2334.081298828125},"rotation":{"x":-0.22485122084617616,"y":-0.012571618892252446,"z":0.0029014316387474539,"w":-0.9743077158927918},"size":1694.750244140625,"orthographic":false}