{"cameraMode":{"drawMode":0,"name":"Shaded","section":"Shading Mode"},"sceneLighting":true,"audioPlay":false,"sceneViewState":{"showFog":true,"showMaterialUpdate":false,"showSkybox":true,"showFlares":true,"showImageEffects":true,"showParticleSystems":true},"in2DMode":false,"pivot":{"x":672.243408203125,"y":950.56884765625,"z":1486.6378173828125},"rotation":{"x":0.30748414993286135,"y":-0.19372910261154176,"z":0.06409282982349396,"w":0.929416298866272},"size":169.10731506347657,"orthographic":false}