{"cameraMode":{"drawMode":0,"name":"Shaded","section":"Shading Mode"},"sceneLighting":false,"audioPlay":false,"sceneViewState":{"showFog":true,"showMaterialUpdate":false,"showSkybox":true,"showFlares":true,"showImageEffects":true,"showParticleSystems":true},"in2DMode":false,"pivot":{"x":57.52814483642578,"y":6.545534133911133,"z":44.17559051513672},"rotation":{"x":0.19309009611606599,"y":-0.14510676264762879,"z":0.028886711224913598,"w":0.9699617624282837},"size":59.78362274169922,"orthographic":false}