{"cameraMode":{"drawMode":0,"name":"Shaded","section":"Shading Mode"},"sceneLighting":true,"audioPlay":false,"sceneViewState":{"showFog":true,"showMaterialUpdate":false,"showSkybox":true,"showFlares":true,"showImageEffects":true,"showParticleSystems":true},"in2DMode":false,"pivot":{"x":863.4686279296875,"y":1416.274169921875,"z":-91.053466796875},"rotation":{"x":-0.15509705245494843,"y":0.08494342118501663,"z":-0.013386066071689129,"w":-0.9841495156288147},"size":1244.1856689453125,"orthographic":false}