{"cameraMode":{"drawMode":0,"name":"Shaded","section":"Shading Mode"},"sceneLighting":true,"audioPlay":false,"sceneViewState":{"showFog":true,"showMaterialUpdate":false,"showSkybox":true,"showFlares":true,"showImageEffects":true,"showParticleSystems":true},"in2DMode":false,"pivot":{"x":410.16925048828127,"y":301.9024658203125,"z":2173.365478515625},"rotation":{"x":-0.41410669684410097,"y":0.08580795675516129,"z":-0.03924999386072159,"w":-0.9053243398666382},"size":1059.093994140625,"orthographic":false}