{"cameraMode":{"drawMode":0,"name":"Shaded","section":"Shading Mode"},"sceneLighting":true,"audioPlay":false,"sceneViewState":{"showFog":true,"showMaterialUpdate":false,"showSkybox":true,"showFlares":true,"showImageEffects":true,"showParticleSystems":true},"in2DMode":false,"pivot":{"x":721.1375732421875,"y":633.9735107421875,"z":1720.07763671875},"rotation":{"x":0.12631744146347047,"y":-0.1137232705950737,"z":0.014579050242900849,"w":0.9853417873382568},"size":233.0806427001953,"orthographic":false}