{"cameraMode":{"drawMode":0,"name":"Shaded","section":"Shading Mode"},"sceneLighting":true,"audioPlay":false,"sceneViewState":{"showFog":true,"showMaterialUpdate":false,"showSkybox":true,"showFlares":true,"showImageEffects":true,"showParticleSystems":true},"in2DMode":false,"pivot":{"x":451.1749267578125,"y":268.98486328125,"z":2142.44921875},"rotation":{"x":-0.41410669684410097,"y":0.08580795675516129,"z":-0.03924999386072159,"w":-0.9053243398666382},"size":1084.035400390625,"orthographic":false}