{"cameraMode":{"drawMode":0,"name":"Shaded","section":"Shading Mode"},"sceneLighting":false,"audioPlay":false,"sceneViewState":{"showFog":true,"showMaterialUpdate":false,"showSkybox":true,"showFlares":true,"showImageEffects":true,"showParticleSystems":true},"in2DMode":false,"pivot":{"x":55.41674041748047,"y":0.33129751682281496,"z":41.52463150024414},"rotation":{"x":0.41410669684410097,"y":-0.08580795675516129,"z":0.03924999013543129,"w":0.9053243398666382},"size":2.9473888874053957,"orthographic":false}